{"cameraMode":{"drawMode":0,"name":"Shaded","section":"Shading Mode"},"sceneLighting":false,"audioPlay":false,"sceneViewState":{"showFog":true,"showMaterialUpdate":false,"showSkybox":false,"showFlares":true,"showImageEffects":true,"showParticleSystems":true},"in2DMode":false,"pivot":{"x":-0.5146375894546509,"y":0.6719578504562378,"z":0.2667970657348633},"rotation":{"x":-0.09615552425384522,"y":-0.7906141877174377,"z":0.12914730608463288,"w":-0.5907659530639648},"size":5.959319591522217,"orthographic":false}