{"cameraMode":{"drawMode":0,"name":"Shaded","section":"Shading Mode"},"sceneLighting":false,"audioPlay":false,"sceneViewState":{"showFog":true,"showMaterialUpdate":false,"showSkybox":true,"showFlares":true,"showImageEffects":true,"showParticleSystems":true},"in2DMode":false,"pivot":{"x":1.8276588916778565,"y":0.3390335440635681,"z":0.3558415472507477},"rotation":{"x":-0.08283001184463501,"y":-0.808150589466095,"z":0.11718478798866272,"w":-0.5712263584136963},"size":7.6352128982543949,"orthographic":false}